{"_wandb": {"runtime": 31}, "fit": {"server_round": 1}, "_timestamp": 1742341244.5084543, "evaluate": {"server_round": 1}, "_runtime": 28.82272434234619, "_step": 1}