{"federated_evaluate": [{"round": 1, "federated_evaluate_loss": 24356.24345703125, "r2": 0.026785710453987123, "mae": 123.83723258972168}]}