{"federated_evaluate_loss": null, "r2": 0, "mae": 0, "_timestamp": 1742339213.7114868, "_runtime": 6.089369773864746, "_step": 2}