{"federated_evaluate_loss": null, "r2": 0, "mae": 0, "_timestamp": 1742338386.4668958, "_runtime": 17.04872989654541, "_step": 7}