{"fit": {"server_round": 20}, "_timestamp": 1742341859.660425, "evaluate": {"server_round": 20, "r2": 0.9524961894750595, "mae": 0.12108583457767963}, "_runtime": 502.9044089317322, "_step": 20, "_wandb": {"runtime": 505}}