{"fit": {"server_round": 18}, "_timestamp": 1742341809.9496374, "evaluate": {"server_round": 18, "r2": 0.9492611247301102, "mae": 0.12513295590877532}, "_runtime": 453.19362139701843, "_step": 18}