{"federated_evaluate_loss": null, "r2": 0, "mae": 0, "_timestamp": 1742338997.7282267, "_runtime": 17.005475759506226, "_step": 8}