{"federated_evaluate_loss": null, "r2": 0, "mae": 0, "_timestamp": 1742338437.699971, "_runtime": 10.018488883972168, "_step": 1}